group_id,area_code,weight
area_225,225,0.125000
area_234,234,0.125000
area_236,236,0.125000
area_24,24,0.125000
area_258,258,0.125000
area_274,274,0.125000
area_28,28,0.125000
area_292,292,0.125000
